Station,RMSE,MAE,R²,Masked_Values
283,1.7709195071662214,0.4639774018948591,0.9999865588394599,375
